model,learning_rate,mean_final_loss,std_final_loss,mean_final_acc,std_final_acc,mean_epochs
mlp,0.2,0.07256898432970046,0.013964251721252105,0.9769230604171752,0.02106626727949491,20.0
mlp,2.0,2.366682529449463,0.13910464485104582,0.2538461655378342,0.03440105042122883,300.0
mlp,5.0,2.64820876121521,0.20403022273170804,0.18461539149284362,0.050147714105982615,300.0
mlp,10.0,2.7173885822296144,0.5045038929825424,0.16923077329993247,0.12343697568784083,300.0
perceptron,0.2,0.4579211831092834,0.013383513709423402,1.0,0.0,200.0
perceptron,2.0,0.09930691570043564,0.000409984460533679,1.0,0.0,75.4
perceptron,5.0,0.0983628436923027,0.0009009966744817197,1.0,0.0,29.0
perceptron,10.0,0.06250768378376961,0.017962299036909636,1.0,0.0,16.2
