model,noise_pixels,repeats,mean_accuracy,std_accuracy
mlp,2,100,0.8911111111111112,0.10232366995517898
mlp,4,100,0.7366666666666665,0.142707330635935
mlp,6,100,0.5788888888888889,0.152540117157951
perceptron,2,100,0.8166666666666668,0.11537822013926222
perceptron,4,100,0.6955555555555555,0.13823752987221025
perceptron,6,100,0.5455555555555556,0.12741739057278093
