model,noise_pixels,repeats,mean_accuracy,std_accuracy
mlp,2,100,0.8577777777777778,0.0908317416294674
mlp,4,100,0.74,0.13967342952786088
mlp,6,100,0.55,0.16134411727755163
perceptron,2,100,0.8333333333333333,0.10998305031017559
perceptron,4,100,0.6988888888888889,0.12564337482776194
perceptron,6,100,0.6355555555555555,0.13684124697500757
