model,noise_pixels,repeats,mean_accuracy,std_accuracy
mlp,2,100,0.858888888888889,0.11150882803847875
mlp,4,100,0.7188888888888889,0.14165483764791087
mlp,6,100,0.581111111111111,0.15938449386592898
perceptron,2,100,0.8333333333333333,0.10998305031017559
perceptron,4,100,0.6988888888888889,0.12564337482776194
perceptron,6,100,0.6355555555555555,0.13684124697500757
