model,noise_pixels,repeats,mean_accuracy,std_accuracy
mlp,2,100,0.8911111111111112,0.1023236699551789
mlp,4,100,0.7366666666666665,0.142707330635935
mlp,6,100,0.5788888888888889,0.152540117157951
perceptron,2,100,0.8166666666666668,0.1153782201392622
perceptron,4,100,0.6955555555555555,0.1382375298722102
perceptron,6,100,0.5455555555555556,0.1274173905727809
